﻿<?xml version="1.0" encoding="UTF-8"?>
<root>
  <item name="BattleConfig" md5="0551f51603cf17b6a6bf34aad7c8bffa" />
  <item name="DisOrderModeExtra" md5="1bb46abda3125524897c388929cea63e" />
  <item name="Document" md5="79d966dcf0b0807075b82869b02f74bd" />
  <item name="EquipModeExtra" md5="97553a2cbc7498f0e139558b2e60f315" />
  <item name="GuideModeExtra" md5="77b4c95722a8f3d6e3c14f10b27813f6" />
  <item name="LoadRes_Preload" md5="5d55c81589f5476d59e6b7d8654ee482" />
  <item name="SingleSurvivalModeExtra" md5="af3da4cd668aec4c49523b36809e0de6" />
  <version name="615.3" />
</root>